1,Jhon,Smith,11455588,Smith@mail.com
2,karen,krow,88746521,krow@mail.com
3,snow,blade,11448763,blade@mail.com
4,kraven,dark,14325678,dark@mail.com
5,kaiser,braun,46578215,braun@mail.com
6,drakos,blake,74562105,blake@mail.com
7,blow,strife,74562412,strife@mail.com
8,mary,genose,14786254,genose@mail.com
9,draught,blase,14567841,blase@mail.com
10,moret,bary,47586231,bary@mail.com
11,bronze,kratos,15478526,kratos@mail.com
12,mob,psych,15478541,psych@mail.com
13,ff,dd,d,d
14,d,d,e,d@dd.c
